{
    "selection_sort": {
        "7": [
            0.00044574737548828123,
            4876.8
        ],
        "8": [
            0.0016680717468261718,
            19584.0
        ],
        "9": [
            0.005093908309936524,
            78489.6
        ],
        "10": [
            0.020853328704833984,
            314265.6
        ],
        "11": [
            0.08382315635681152,
            1257676.8
        ],
        "12": [
            0.3290832042694092,
            5031936.0
        ],
        "13": [
            1.3118992805480958,
            20130201.6
        ],
        "14": [
            5.277587080001831,
            80525721.6
        ],
        "15": [
            21.049833917617796,
            322112716.8
        ]
    },
    "insertion_sort": {
        "7": [
            0.0002971172332763672,
            3190.6
        ],
        "8": [
            0.0006705284118652344,
            13052.2
        ],
        "9": [
            0.003152799606323242,
            54215.8
        ],
        "10": [
            0.012133502960205078,
            213138.6
        ],
        "11": [
            0.04785628318786621,
            833437.0
        ],
        "12": [
            0.1879733085632324,
            3342688.2
        ],
        "13": [
            0.7554813385009765,
            13419735.0
        ],
        "14": [
            2.999321699142456,
            53515500.2
        ],
        "15": [
            11.989432764053344,
            212824551.0
        ]
    },
    "merge_sort": {
        "7": [
            0.00021820068359375,
            885.6
        ],
        "8": [
            0.00026946067810058595,
            2017.6
        ],
        "9": [
            0.0005682945251464844,
            4544.8
        ],
        "10": [
            0.0012453079223632812,
            10159.6
        ],
        "11": [
            0.002694511413574219,
            22283.2
        ],
        "12": [
            0.005766153335571289,
            48739.2
        ],
        "13": [
            0.012021255493164063,
            105662.8
        ],
        "14": [
            0.025388288497924804,
            226855.6
        ],
        "15": [
            0.05564823150634766,
            487760.8
        ]
    },
    "shellsort": {
        "7": [
            9.093284606933593e-05,
            209.4
        ],
        "8": [
            0.00014657974243164061,
            576.0
        ],
        "9": [
            0.0002966880798339844,
            1235.4
        ],
        "10": [
            0.0007146835327148437,
            2851.6
        ],
        "11": [
            0.0015581607818603515,
            5609.8
        ],
        "12": [
            0.003368854522705078,
            11338.8
        ],
        "13": [
            0.007529258728027344,
            30174.2
        ],
        "14": [
            0.016265106201171876,
            57508.8
        ],
        "15": [
            0.03422422409057617,
            122528.6
        ]
    }
}