{"selection_sort": {"7": [0.00108795166015625, 8128.0], "8": [0.0041653156280517575, 32640.0], "9": [0.016725587844848632, 130816.0], "10": [0.055798673629760744, 523776.0], "11": [0.22324037551879883, 2096128.0], "12": [0.8939674854278564, 8386560.0], "13": [3.618984270095825, 33550336.0], "14": [15.984976005554199, 134209536.0], "15": [65.35144491195679, 536854528.0]}, "insertion_sort": {"7": [0.0005259513854980469, 7989.4], "8": [0.0020659923553466796, 33235.4], "9": [0.006496000289916992, 130796.6], "10": [0.02681307792663574, 524081.4], "11": [0.1094705581665039, 2083469.4], "12": [0.43694543838500977, 8403858.2], "13": [1.755544090270996, 33579017.4], "14": [7.712283086776734, 134305779.8], "15": [30.902645444869997, 535340099.0]}, "merge_sort": {"7": [0.0002767086029052734, 1596.8], "8": [0.0005867481231689453, 3700.0], "9": [0.001005411148071289, 8450.4], "10": [0.0021811962127685548, 18915.2], "11": [0.00469822883605957, 41904.4], "12": [0.0099273681640625, 92045.6], "13": [0.02141604423522949, 200478.4], "14": [0.04985523223876953, 433662.0], "15": [0.10668754577636719, 932735.2]}, "shellsort": {"7": [0.00022683143615722656, 1461.0], "8": [0.0005965709686279296, 4550.0], "9": [0.0013615608215332032, 12653.8], "10": [0.003374481201171875, 33675.2], "11": [0.008521366119384765, 91197.4], "12": [0.024659252166748045, 293196.8], "13": [0.06408181190490722, 815271.8], "14": [0.18903894424438478, 2293432.4], "15": [0.49481592178344724, 6267708.6]}}