{"selection_sort": {"7": [0.0008910497029622396, 8128.0], "8": [0.003509680430094401, 32640.0], "9": [0.01607068379720052, 130816.0], "10": [0.06494983037312825, 523776.0], "11": [0.24932042757670084, 2096128.0], "12": [1.03378431002299, 8386560.0], "13": [3.8925556341807046, 33550336.0], "14": [15.742165088653564, 134209536.0], "15": [63.358537673950195, 536854528.0]}, "insertion_sort": {"7": [0.0003203550974527995, 5861.666666666667], "8": [0.001301129659016927, 24527.666666666668], "9": [0.004652182261149089, 84519.66666666667], "10": [0.019593318303426106, 345060.3333333333], "11": [0.08320379257202148, 1397147.6666666667], "12": [0.3165754477183024, 5578837.666666667], "13": [1.2685645421346028, 22346767.666666668], "14": [5.0885012944539385, 89558615.0], "15": [20.11954704920451, 355036524.3333333]}, "merge_sort": {"7": [0.00023627281188964844, 1468.6666666666667], "8": [0.0005059242248535156, 3341.3333333333335], "9": [0.0009694894154866537, 7609.333333333333], "10": [0.002064863840738932, 16786.666666666668], "11": [0.00473483403523763, 37216.0], "12": [0.009386459986368815, 81158.66666666667], "13": [0.020329395929972332, 175700.66666666666], "14": [0.04473050435384115, 379798.6666666667], "15": [0.09141262372334798, 813006.6666666666]}, "shellsort": {"7": [0.00012922286987304688, 402.3333333333333], "8": [0.00030040740966796875, 963.3333333333334], "9": [0.0007036526997884115, 1789.0], "10": [0.0016496976216634114, 4419.333333333333], "11": [0.003821690877278646, 9554.333333333334], "12": [0.008190075556437174, 22616.666666666668], "13": [0.017670710881551106, 43853.0], "14": [0.039748430252075195, 116577.33333333333], "15": [0.08228254318237305, 200773.66666666666]}}