{"selection_sort": {"7": [0.0008821487426757812, 8128.0], "8": [0.003450632095336914, 32640.0], "9": [0.015010356903076172, 130816.0], "10": [0.06039309501647949, 523776.0], "11": [0.24112534523010254, 2096128.0], "12": [0.9696352481842041, 8386560.0], "13": [3.868025064468384, 33550336.0], "14": [15.406944513320923, 134209536.0], "15": [61.83215093612671, 536854528.0]}, "insertion_sort": {"7": [2.1219253540039062e-05, 127.0], "8": [4.076957702636719e-05, 255.0], "9": [9.179115295410156e-05, 511.0], "10": [0.00018835067749023438, 1023.0], "11": [0.0003814697265625, 2047.0], "12": [0.0008003711700439453, 4095.0], "13": [0.0015299320220947266, 8191.0], "14": [0.0031037330627441406, 16383.0], "15": [0.006304264068603516, 32767.0]}, "merge_sort": {"7": [0.00017833709716796875, 1084.0], "8": [0.00036716461181640625, 2420.0], "9": [0.0007729530334472656, 5326.0], "10": [0.0016415119171142578, 11706.0], "11": [0.003519773483276367, 25442.0], "12": [0.007506370544433594, 55004.0], "13": [0.01523590087890625, 118202.0], "14": [0.032775163650512695, 252638.0], "15": [0.06838679313659668, 538148.0]}, "shellsort": {"7": [0.00011587142944335938, 7.0], "8": [0.00023627281188964844, 8.0], "9": [0.0005936622619628906, 9.0], "10": [0.0013544559478759766, 10.0], "11": [0.0030434131622314453, 11.0], "12": [0.006902933120727539, 12.0], "13": [0.014389753341674805, 13.0], "14": [0.03193187713623047, 14.0], "15": [0.0687563419342041, 15.0]}}