{"selection_sort": {"7": [0.0008795261383056641, 8128.0], "8": [0.0035119056701660156, 32640.0], "9": [0.015479803085327148, 130816.0], "10": [0.06261515617370605, 523776.0], "11": [0.2461392879486084, 2096128.0], "12": [1.0088706016540527, 8386560.0], "13": [3.940572738647461, 33550336.0], "14": [16.005614757537842, 134209536.0], "15": [63.72645926475525, 536854528.0]}, "insertion_sort": {"7": [0.0009467601776123047, 16255.0], "8": [0.0033860206604003906, 65311.0], "9": [0.013890981674194336, 261651.0], "10": [0.057491302490234375, 1047565.0], "11": [0.23503494262695312, 4192131.0], "12": [0.9521076679229736, 16773135.0], "13": [3.811429262161255, 67100659.0], "14": [15.282307624816895, 268418995.0], "15": [61.09225511550903, 1073709281.0]}, "merge_sort": {"7": [0.00016570091247558594, 1024.0], "8": [0.00034356117248535156, 2304.0], "9": [0.0007288455963134766, 5120.0], "10": [0.001577138900756836, 11264.0], "11": [0.003350973129272461, 24576.0], "12": [0.006999015808105469, 53248.0], "13": [0.014334917068481445, 114688.0], "14": [0.031115293502807617, 245760.0], "15": [0.06467151641845703, 524288.0]}, "shellsort": {"7": [0.0001506805419921875, 847.0], "8": [0.00034332275390625, 1914.0], "9": [0.0008535385131835938, 4395.0], "10": [0.001967191696166992, 9768.0], "11": [0.004427194595336914, 21631.0], "12": [0.009766817092895508, 47234.0], "13": [0.02084207534790039, 102643.0], "14": [0.04649496078491211, 221548.0], "15": [0.10006499290466309, 475789.0]}}