{
    "selection_sort": {
        "7": [
            0.0006337165832519531,
            8128.0
        ],
        "8": [
            0.002387666702270508,
            32640.0
        ],
        "9": [
            0.00999746322631836,
            130816.0
        ],
        "10": [
            0.03318357467651367,
            523776.0
        ],
        "11": [
            0.130263090133667,
            2096128.0
        ],
        "12": [
            0.5114428997039795,
            8386560.0
        ],
        "13": [
            2.068689966201782,
            33550336.0
        ],
        "14": [
            8.749007749557496,
            134209536.0
        ],
        "15": [
            37.05413732528687,
            536854528.0
        ]
    },
    "insertion_sort": {
        "7": [
            0.0005064010620117188,
            8017.8
        ],
        "8": [
            0.001908111572265625,
            31857.8
        ],
        "9": [
            0.006990671157836914,
            132832.6
        ],
        "10": [
            0.027038955688476564,
            520943.4
        ],
        "11": [
            0.11290850639343261,
            2081771.4
        ],
        "12": [
            0.45975465774536134,
            8345224.6
        ],
        "13": [
            1.9481618881225586,
            33540111.8
        ],
        "14": [
            8.028473329544067,
            134186519.8
        ],
        "15": [
            32.171824264526364,
            536330847.8
        ]
    },
    "merge_sort": {
        "7": [
            0.00027909278869628904,
            1588.4
        ],
        "8": [
            0.0005571842193603516,
            3706.0
        ],
        "9": [
            0.0010078907012939452,
            8433.6
        ],
        "10": [
            0.0022404670715332033,
            18888.4
        ],
        "11": [
            0.00473489761352539,
            41915.2
        ],
        "12": [
            0.010107898712158203,
            92014.4
        ],
        "13": [
            0.022130584716796874,
            200376.4
        ],
        "14": [
            0.04865155220031738,
            433692.8
        ],
        "15": [
            0.10601720809936524,
            932998.0
        ]
    },
    "shellsort": {
        "7": [
            0.00018248558044433593,
            1426.2
        ],
        "8": [
            0.0004740238189697266,
            4238.0
        ],
        "9": [
            0.0010553359985351562,
            10884.2
        ],
        "10": [
            0.0030680179595947267,
            34089.6
        ],
        "11": [
            0.007745933532714844,
            93858.6
        ],
        "12": [
            0.023097419738769533,
            307013.6
        ],
        "13": [
            0.05652284622192383,
            768571.4
        ],
        "14": [
            0.1672077178955078,
            2212892.4
        ],
        "15": [
            0.46001458168029785,
            6214179.0
        ]
    }
}