{
    "selection_sort": {
        "7": [
            0.00010647773742675782,
            1625.6
        ],
        "8": [
            0.0007781028747558594,
            6528.0
        ],
        "9": [
            0.001783895492553711,
            26163.2
        ],
        "10": [
            0.007280588150024414,
            104755.2
        ],
        "11": [
            0.028020572662353516,
            419225.6
        ],
        "12": [
            0.10981240272521972,
            1677312.0
        ],
        "13": [
            0.4414645195007324,
            6710067.2
        ],
        "14": [
            1.7812078475952149,
            26841907.2
        ],
        "15": [
            7.029342699050903,
            107370905.6
        ]
    },
    "insertion_sort": {
        "7": [
            0.0002953529357910156,
            3248.2
        ],
        "8": [
            0.0011052608489990235,
            13051.8
        ],
        "9": [
            0.002794694900512695,
            52326.6
        ],
        "10": [
            0.0121917724609375,
            209514.6
        ],
        "11": [
            0.04952554702758789,
            838468.6
        ],
        "12": [
            0.19963297843933106,
            3354639.0
        ],
        "13": [
            0.7975168704986573,
            13420149.8
        ],
        "14": [
            3.2086740493774415,
            53683855.8
        ],
        "15": [
            12.84020037651062,
            214741833.0
        ]
    },
    "merge_sort": {
        "7": [
            5.4883956909179685e-05,
            204.8
        ],
        "8": [
            7.276535034179687e-05,
            460.8
        ],
        "9": [
            0.00014891624450683594,
            1024.0
        ],
        "10": [
            0.0003139972686767578,
            2252.8
        ],
        "11": [
            0.0006644248962402344,
            4915.2
        ],
        "12": [
            0.0015625,
            10649.6
        ],
        "13": [
            0.002879762649536133,
            22937.6
        ],
        "14": [
            0.0061092376708984375,
            49152.0
        ],
        "15": [
            0.012834262847900391,
            104857.6
        ]
    },
    "shellsort": {
        "7": [
            3.714561462402344e-05,
            173.0
        ],
        "8": [
            5.407333374023438e-05,
            387.6
        ],
        "9": [
            0.00012760162353515626,
            874.2
        ],
        "10": [
            0.00029730796813964844,
            1958.0
        ],
        "11": [
            0.0006685256958007812,
            4315.0
        ],
        "12": [
            0.001593637466430664,
            9444.4
        ],
        "13": [
            0.0031858444213867187,
            20527.0
        ],
        "14": [
            0.0068953514099121095,
            44318.0
        ],
        "15": [
            0.01488633155822754,
            95210.2
        ]
    }
}