{
    "selection_sort": {
        "7": [
            0.00010395050048828125,
            1625.6
        ],
        "8": [
            0.000699615478515625,
            6528.0
        ],
        "9": [
            0.0020987987518310547,
            26163.2
        ],
        "10": [
            0.006952333450317383,
            104755.2
        ],
        "11": [
            0.027379465103149415,
            419225.6
        ],
        "12": [
            0.11317925453186035,
            1677312.0
        ],
        "13": [
            0.42989683151245117,
            6710067.2
        ],
        "14": [
            1.7030956745147705,
            26841907.2
        ],
        "15": [
            6.794157361984253,
            107370905.6
        ]
    },
    "insertion_sort": {
        "7": [
            6.055831909179687e-06,
            25.4
        ],
        "8": [
            1.0347366333007812e-05,
            51.0
        ],
        "9": [
            1.3399124145507813e-05,
            102.2
        ],
        "10": [
            2.7179718017578125e-05,
            204.6
        ],
        "11": [
            5.76019287109375e-05,
            409.4
        ],
        "12": [
            0.00011434555053710938,
            819.0
        ],
        "13": [
            0.00022497177124023438,
            1638.2
        ],
        "14": [
            0.0004595279693603516,
            3276.6
        ],
        "15": [
            0.0008969783782958984,
            6553.4
        ]
    },
    "merge_sort": {
        "7": [
            6.203651428222656e-05,
            215.6
        ],
        "8": [
            0.00013413429260253907,
            480.8
        ],
        "9": [
            0.00015344619750976563,
            1072.8
        ],
        "10": [
            0.00033326148986816405,
            2334.4
        ],
        "11": [
            0.0006949424743652344,
            5082.4
        ],
        "12": [
            0.001642322540283203,
            10970.4
        ],
        "13": [
            0.003023862838745117,
            23627.6
        ],
        "14": [
            0.00649566650390625,
            50492.0
        ],
        "15": [
            0.013389253616333007,
            107614.0
        ]
    },
    "shellsort": {
        "7": [
            2.732276916503906e-05,
            1.4
        ],
        "8": [
            5.173683166503906e-05,
            1.6
        ],
        "9": [
            7.443428039550781e-05,
            1.8
        ],
        "10": [
            0.0001788616180419922,
            2.0
        ],
        "11": [
            0.0003993988037109375,
            2.2
        ],
        "12": [
            0.0008821964263916015,
            2.4
        ],
        "13": [
            0.0018884658813476563,
            2.6
        ],
        "14": [
            0.004175710678100586,
            2.8
        ],
        "15": [
            0.008768796920776367,
            3.0
        ]
    }
}